dim,pct_gradient,pct_variance_sizing,pct_resampling,pct_index_set,total_time,pct_idx_add,pct_idx_drop,pct_idx_restart,pct_idx_clip,n_runs
10,8.872408078055368,15.96967850740361,50.295011035680304,24.862902378860728,0.5324346674664412,4.398207991963792,77.9638665865683,17.48203512957944,0.15589029188846512,5
50,10.514898480533573,15.171487097999778,48.52396942589938,25.789644995567265,0.6132295709103346,4.560025922058237,78.21201771898681,17.076046841559723,0.1519095173952261,5
100,13.608975811736531,14.324142847265255,45.61273654660191,26.454144794396303,0.6114163526042831,4.527253736083341,78.98116711675725,16.343646403057473,0.14793274410193327,5
