case,dim,kappa,budget,n_runs,mean_relative_optimality,std_relative_optimality,mean_final_gap,std_final_gap,mean_initial_gap,mean_grad_evals,std_grad_evals,mean_drop_events,mean_restart_events,mean_clip_events
add_only,100,100.0,10000.0,5,0.09863118835447394,0.004607875188167553,3733.1416567786027,174.4057949739237,37849.505,9949.6,30.648001566170674,0.0,0.0,0.0
add_drop,100,100.0,10000.0,5,0.09939232236361766,0.008968975880520905,3761.950202263358,339.4712974346554,37849.505,9965.2,21.87921387984495,70.8,0.0,0.0
add_drop_restart,100,100.0,10000.0,5,0.00017277027486030855,0.0002901058937761028,6.539269382176623,10.98036447700807,37849.505,11202.8,1173.4963570459006,449.8,1.6,0.0
all_clip,100,100.0,10000.0,5,6.908799479775734e-06,6.5640245224279795e-06,0.261494640453769,0.24844507898176038,37849.505,10312.2,349.63652555189367,542.6,1.0,5.0
