restart_param,dim,kappa,budget,n_runs,mean_relative_optimality,std_relative_optimality,mean_final_gap,std_final_gap,mean_initial_gap,mean_grad_evals,std_grad_evals,mean_drop_events,mean_restart_events,mean_clip_events
0.0,100,100.0,10000.0,5,3.714715576566968e-06,1.8601338778317975e-06,0.14060014578884933,0.07040514650966401,37849.505,10243.4,266.5976368987542,566.8,1.0,4.2
0.25,100,100.0,10000.0,5,5.351362183809366e-06,3.473778078159661e-06,0.2025464097329035,0.13148078073819447,37849.505,10194.6,241.5011387136715,548.8,1.0,5.4
0.5,100,100.0,10000.0,5,7.4281888496041945e-06,5.149353415078137e-06,0.2811532710040382,0.19490047783076703,37849.505,10160.0,317.20182849409935,535.8,0.8,4.6
0.75,100,100.0,10000.0,5,4.990019041359997e-06,2.6568411911463217e-06,0.18886975065605044,0.10056012394849866,37849.505,10130.0,40.2119385257662,549.2,1.2,4.4
1.0,100,100.0,10000.0,5,2.437489615207513e-06,1.971880020493953e-06,0.09225777537824484,0.07463468269508595,37849.505,10498.0,823.5942569008116,594.4,1.4,4.8
