eps,dim,kappa,budget,n_runs,mean_relative_optimality,std_relative_optimality,mean_final_gap,std_final_gap,mean_initial_gap,mean_grad_evals,std_grad_evals,mean_drop_events,mean_restart_events,mean_clip_events
0.3,100,100.0,10000.0,5,3.53585969557309e-06,1.3532659197107286e-06,0.13383053922689214,0.051220445194420816,37849.505,10154.6,253.847001164087,566.8,1.0,5.2
0.5,100,100.0,10000.0,5,3.883730854056071e-06,3.109057801262963e-06,0.14699729037924952,0.11767629879419149,37849.505,10356.6,217.69313264317734,564.2,1.0,6.2
0.577,100,100.0,10000.0,5,1.134594331212864e-05,6.625504306603699e-06,0.42943833812212945,0.2507720583803182,37849.505,10031.0,25.268557536986556,503.8,0.8,5.4
0.7,100,100.0,10000.0,5,3.049009285549452e-06,1.1782257211429366e-06,0.1154034921984504,0.04459526032352818,37849.505,10174.0,92.89510213138257,576.0,1.0,4.4
1.0,100,100.0,10000.0,5,4.954641481986225e-06,2.221213082001665e-06,0.18753072754564498,0.08407181565328742,37849.505,10091.0,111.09680463451683,551.4,0.6,5.4
