dim,pct_gradient,pct_variance_sizing,pct_resampling,pct_index_set,total_time,pct_idx_add,pct_idx_drop,pct_idx_restart,pct_idx_clip,n_runs
10,9.376547100238549,15.962243089205176,49.57091162171585,25.090298188840425,0.3342566229403019,3.693167918139721,79.64132180447277,16.55988611001833,0.10562416736918055,1
100,13.832813724649057,14.44822938850327,45.16609423730951,26.552862649538163,0.4042967548593879,3.698447387127684,80.57562120429878,15.632303233415767,0.09362817515776894,1
1000,54.10306434280925,5.136288474134985,21.080035009115193,19.680612173940574,1.835504686459899,2.6824184904063477,90.95623648416395,6.313890027014727,0.04745499841497413,1
10000,82.81010123910737,0.11339869133048087,0.8976804669920232,16.178819602570123,214.16973277926445,0.1017560647952914,99.71761742477142,0.17938680261123435,0.0012397078220539152,1
