eps,dim,kappa,budget,n_runs,mean_relative_optimality,std_relative_optimality,mean_final_gap,std_final_gap,mean_initial_gap,mean_grad_evals,std_grad_evals,mean_drop_events,mean_restart_events,mean_clip_events
0.3,100,100.0,100000.0,50,3.3235427654475052e-09,2.1284097753472285e-09,0.00012579444851851918,8.055925643405379e-05,37849.505,99791.94,212.42817849901212,900.14,1.4,5.82
0.5,100,100.0,100000.0,50,1.7979505459527868e-09,1.0499676095689284e-09,6.805153817879273e-05,3.97407542882172e-05,37849.505,99787.18,299.66291879036214,929.84,1.3,5.92
0.577,100,100.0,100000.0,50,1.548360723522787e-09,1.3628643894880311e-09,5.860468694677934e-05,5.1583742524249176e-05,37849.505,99729.0,338.2481880730389,940.74,1.32,5.94
0.7,100,100.0,100000.0,50,1.092847459263635e-09,9.460980172266337e-10,4.136373537363624e-05,3.5809341633509556e-05,37849.505,99732.2,252.24874344866134,955.4,1.48,5.76
1.0,100,100.0,100000.0,50,7.604761635230118e-10,5.346536608218688e-10,2.8783646353645054e-05,2.0236376408545626e-05,37849.505,99698.76,336.49911665590463,970.2,1.28,6.74
