max_hierarchy_size,dim,kappa,budget,n_runs,mean_relative_optimality,std_relative_optimality,mean_final_gap,std_final_gap,mean_initial_gap,mean_grad_evals,std_grad_evals,mean_drop_events,mean_restart_events,mean_clip_events
100,100,100.0,10000.0,5,4.841238013036233e-06,1.9580744351240476e-06,0.18323846238060498,0.07411214812259981,37849.505,10245.0,222.42976419535225,548.8,0.8,5.0
500,100,100.0,10000.0,5,7.067599225468176e-06,5.567349819162907e-06,0.26750513222235384,0.21072143481715558,37849.505,10278.0,281.7933640098716,539.2,1.0,5.2
1000,100,100.0,10000.0,5,5.9918390945870545e-06,3.683393755996825e-06,0.22678814376976816,0.1394146303845706,37849.505,10255.0,283.5956628723366,543.0,1.2,5.0
