case,dim,kappa,budget,n_runs,mean_relative_optimality,std_relative_optimality,mean_final_gap,std_final_gap,mean_initial_gap,mean_grad_evals,std_grad_evals,mean_drop_events,mean_restart_events,mean_clip_events
add_only,100,100.0,100000.0,50,0.011995893090758174,0.00233856539136144,454.03861551811696,88.51354247316179,37849.505,99734.0,241.04364919310058,0.0,0.0,0.0
add_drop,100,100.0,100000.0,50,0.009796051284408858,0.0008758235575665867,370.77569206948954,33.149488121234306,37849.505,99696.7,280.5048109740577,184.9,0.0,0.0
add_drop_restart,100,100.0,100000.0,50,1.205854077336076e-09,6.836960199388267e-10,4.564097992940219e-05,2.587755592515472e-05,37849.505,99665.22,411.9277869149556,943.58,2.98,0.0
all_clip,100,100.0,100000.0,50,1.3873359079371719e-09,8.262690863201488e-10,5.2509977384147535e-05,3.12738759140199e-05,37849.505,99650.28,635.2461210316158,941.98,1.36,6.0
