drop_param,dim,kappa,budget,n_runs,mean_relative_optimality,std_relative_optimality,mean_final_gap,std_final_gap,mean_initial_gap,mean_grad_evals,std_grad_evals,mean_drop_events,mean_restart_events,mean_clip_events
0.0,100,100.0,10000.0,5,5.577495113623929e-06,3.846062749947754e-06,0.21110542919058445,0.14557157128446127,37849.505,10216.2,307.6592270678713,543.4,1.0,5.0
0.25,100,100.0,10000.0,5,8.577898118261428e-06,8.422825545257846e-06,0.32466919771662645,0.31879977758936456,37849.505,10086.6,79.26726941178181,532.6,0.8,4.2
0.5,100,100.0,10000.0,5,6.208160253102072e-06,2.8454133917526073e-06,0.2349757925405882,0.10769748839820727,37849.505,10007.4,34.28264867246987,539.0,1.0,5.4
0.75,100,100.0,10000.0,5,4.683557748638277e-06,3.1583959136302882e-06,0.17727034242487322,0.11954372192492915,37849.505,10072.8,115.92972008937139,559.8,1.0,4.2
1.0,100,100.0,10000.0,5,4.017024857652172e-06,2.4258573481231715e-06,0.15204240243483014,0.0918174998270747,37849.505,10202.0,328.9141225304867,567.4,1.2,4.4
