restart_param,dim,kappa,budget,n_runs,mean_relative_optimality,std_relative_optimality,mean_final_gap,std_final_gap,mean_initial_gap,mean_grad_evals,std_grad_evals,mean_drop_events,mean_restart_events,mean_clip_events
0.0,100,100.0,100000.0,50,1.736543756632552e-09,1.0945286939284159e-09,6.572732159938254e-05,4.1427369273487034e-05,37849.505,99594.46,809.7821125438115,932.0,1.32,6.34
0.25,100,100.0,100000.0,50,1.423903641175886e-09,1.0094955373210574e-09,5.38940479862049e-05,3.820890638731105e-05,37849.505,99695.62,449.9209858068278,940.26,1.4,5.92
0.5,100,100.0,100000.0,50,1.1194311836047011e-09,6.826627116967953e-10,4.2369916181002057e-05,2.5838445719681408e-05,37849.505,99630.76,808.7643273184451,948.8,1.76,5.96
0.75,100,100.0,100000.0,50,9.90380098692054e-10,5.194508879188528e-10,3.748539649734539e-05,1.966095897953906e-05,37849.505,99568.16,645.7299416559684,953.38,2.04,6.1
1.0,100,100.0,100000.0,50,8.944569734234672e-10,4.582368650015177e-10,3.385475368787638e-05,1.7344038513059267e-05,37849.505,99613.74,358.5052192714884,959.36,1.98,5.74
